hr_mean,hr_var,rr_mean,rr_var,accx_mean,accx_var,accy_mean,accy_var,accz_mean,accz_var,activity
94.59510567296996,290.37708069594777,21.598442714126808,12.057948574387327,0.25979444444444155,0.049615462041926614,-0.9370000000000074,0.007869519310919537,-0.07281944444444398,0.01693845030255338,0.0
86.63111111111111,79.34986528241237,20.985555555555557,2.143283895686572,0.3853611111111143,0.006430711463060596,-0.908225000000003,0.0023385267435398855,-0.13960833333333328,0.007611877674353972,0.0
108.47777777777777,489.71140773699494,21.255555555555556,7.189346187121497,0.07993333333333225,0.08044089580438882,-0.9560111111111089,0.03858486233830408,-0.08933611111111137,0.023771690276619736,0.0
118.61984392419176,71.99259685061327,18.0546265328874,39.835182254339905,-0.10398885793871915,0.03522119798114228,-0.9890640668523949,0.017302495197722076,-0.05326183844011155,0.014008164912751659,0.0
119.59555555555555,30.872950191570617,19.536666666666665,29.61489432703004,-0.23289722222222206,0.011799078069525314,-0.9788499999999666,0.011840133092525537,-0.11011388888888939,0.016866977856503776,0.0
120.15444444444445,104.78702138178119,20.414444444444445,28.883662093684457,-0.12919444444444272,0.05594639174462037,-0.9628222222222084,0.012569082028958765,-0.12643611111111105,0.026623999807045017,0.0
102.39333333333333,13.789499443826502,16.856666666666666,23.858186874304792,0.24358333333333754,0.03079621422617449,-0.9063527777778076,0.0030828041045351017,-0.1831000000000011,0.04843473298138362,0.0
101.7688888888889,11.205705104437076,16.625555555555554,12.029824496353902,0.030661111111110893,0.13147814019326476,-0.8840666666666747,0.0028393064740205648,-0.047194444444442006,0.10776628615973646,0.0
104.67222222222222,164.20278704733659,14.277777777777779,16.194166357681382,-0.17105277777777728,0.09157535703590518,-0.9249194444444317,0.00748657311444524,-0.09094444444444465,0.05087740730449806,0.0
121.74222222222222,385.59532319861637,23.182222222222222,19.35274255345451,-0.3603027777777788,0.021778930250686793,-0.9433555555555496,0.008211354512055763,0.06906111111111113,0.02845274424994594,0.0
135.74107142857142,21.197685554668805,24.921875,21.969308659217877,-0.33419525801952593,0.02024701543509679,-0.9595843793584433,0.013067433238070322,0.037046025104602635,0.02100039548154556,0.0
132.45,84.86624026696298,20.51888888888889,13.4579297985416,-0.2665722222222216,0.022491553548825215,-0.983369444444451,0.022134489757957884,-0.017724999999999998,0.01366764872186686,0.0
129.68,22.43363737486097,22.858888888888888,19.687518230132028,-0.27978611111111146,0.0097210712157698,-0.9878444444444467,0.0316492005804081,-0.022444444444444434,0.010879268932728203,0.0
130.67741935483872,54.408075292765304,26.10789766407119,10.169859606442207,-0.2710999999999999,0.03705608335648788,-0.967433333333332,0.061696439010836705,0.03260555555555551,0.018063506498718754,0.0
107.42111111111112,643.7434915338022,18.872222222222224,18.859071808181927,0.9169250000000098,0.025655309738816284,-0.2431583333333347,0.026244898513476073,-0.02918611111111115,0.0326976147000708,0.0
105.12777777777778,388.8902175256465,23.27,7.311890989988921,0.6814555555555405,0.04304428254762141,-0.5339583333333365,0.054885549805503746,0.34320555555555154,0.07710619835756873,0.0
87.41444444444444,33.139501915708784,18.613333333333333,2.499933259176845,0.5488805555555583,0.009993106040258116,-0.7111000000000011,0.006856583495415437,0.4677666666666733,0.01317183773270357,0.0
100.2135593220339,346.50750824449693,19.968361581920902,13.225242222051783,0.4213502824858781,0.31627684251192983,-0.601737288135594,0.07416801799320931,0.27329378531073467,0.06086233242816501,0.0
114.75,299.0419911012236,22.936666666666667,14.255161290322494,-0.10448888888888731,0.18488881899292958,-0.8853777777777855,0.02438101867802797,0.05946944444444511,0.07881430581797476,0.0
95.44,50.157686318131226,19.08,1.541979977753062,0.3410805555555627,0.09025181901608498,-0.8433749999999918,0.01651022332592384,-0.19738611111110996,0.014854377134080476,0.0
121.05666666666667,284.4339377085647,22.57777777777778,5.975033988382146,-0.10794166666666656,0.01010359759655455,-1.0126805555555567,0.05829003407582292,0.17021388888888841,0.016439270715630724,0.0
136.10333333333332,25.903659621802063,27.753333333333334,9.340645161290285,-0.04950277777777752,0.025950322304035222,-0.9282416666666703,0.16546300909974987,0.21207222222222186,0.03890523512704151,0.0
117.75777777777778,215.29610184155285,23.891111111111112,11.396361389197988,-0.24479999999999888,0.04535005723812137,-0.9652694444444397,0.04403226969683102,0.12221388888888825,0.023842638317742654,0.0
89.86666666666666,17.41713014460494,18.703333333333333,1.5659510567296795,-0.49097499999999983,0.0036068012642400523,-0.8284249999999973,0.002880180536260018,0.4261222222222337,0.0031931831681639607,0.0
89.28888888888889,59.14670621678419,17.865555555555556,1.615942405141517,-0.49571666666666653,0.005352751041956157,-0.8335916666666571,0.0038364156015560005,0.3948972222222243,0.009358533473804255,0.0
104.98222222222222,240.3467358793719,22.315555555555555,4.391971326164878,-0.9650999999999773,0.01910379661017075,-0.16465000000000213,0.05265216976937865,-0.11113888888888811,0.03594552113241215,0.0
87.25111111111111,34.60428130021017,21.723333333333333,3.4528476084538626,-0.8906472222222366,0.006941870511870628,-0.34864166666666335,0.02802374485968288,-0.27878333333333377,0.007754951653236881,0.0
83.00111111111111,108.26362501544925,20.425555555555555,3.24584229390682,-0.8454583333333219,0.01101401604612393,-0.39160833333333905,0.052055400875243456,-0.27103888888888666,0.03152128773424731,0.0
117.05141388174808,171.85835707172484,25.77892030848329,17.760584675751833,-1.0212648475120547,0.043453441393965585,0.07462279293739975,0.015210800186802141,0.025932584269662943,0.017761646063807594,0.0
112.72636262513905,490.88272294631025,22.378197997775306,14.698677818214223,-0.3259805555555638,0.029780755387299,-0.9474361111111059,0.04495599758420437,0.08901666666666581,0.037896393164767964,0.0
82.85555555555555,112.43295019157117,19.892222222222223,1.7069472253120428,-0.023869444444444648,0.009313753442314693,-0.9898999999999599,0.0017103539872186976,-0.16965555555555456,0.006163315612361635,0.0
87.09,233.17209121245847,18.983333333333334,4.07424916573968,0.07464166666666548,0.032879393651013784,-0.9479250000000117,0.006838066060016668,-0.214361111111109,0.02774579898737323,0.0
106.21555555555555,901.3617154863393,20.717777777777776,39.61770362130756,-0.16964166666666655,0.01925869345651592,-1.0013722222222186,0.02299078111203743,0.09865833333333304,0.015775220825229204,0.0
94.86888888888889,139.22194537140106,23.115555555555556,4.111214930169274,0.28240833333332344,0.044133487010277896,-0.880994444444434,0.006915821030532398,-0.24793055555555252,0.01690877539285672,0.0
84.36888888888889,73.77700655048838,19.763333333333332,4.832691879866578,0.2823777777777824,0.036801902256798934,-0.8445861111111144,0.010542423813713678,-0.3295444444444471,0.022166616529282902,0.0
84.15222222222222,209.34610184155142,16.252222222222223,12.587036213076184,0.11149444444444495,0.03152980269210652,-0.9308666666666616,0.005709668241178146,-0.2628138888888908,0.020929312393874255,0.0
85.0,86.65406006674083,20.365555555555556,15.391248300580903,-0.004030555555555712,0.027200949330060835,-0.9755972222222251,0.007932846894199003,-0.10056388888888852,0.04106189366645045,0.0
86.26444444444445,102.30151526387338,18.52888888888889,13.499720677295734,0.08750555555555577,0.05456032228088016,-0.9418694444444425,0.018042822628198982,-0.018377777777777802,0.07090111870581306,0.0
122.41111111111111,330.4270176739587,27.351111111111113,20.53286861945372,-0.004772222222222867,0.0410691339878364,-0.9846805555555328,0.019781948496495894,-0.04358888888888877,0.03405602432774588,0.0
92.91777777777777,18.947625757013977,19.986666666666668,2.80516129032257,0.26712222222222287,0.016555761662190045,-0.9085583333333501,0.0030851952625729853,-0.24886666666666676,0.005825333703806625,0.0
108.9024045261669,83.28082990411536,22.37906647807638,5.476501676877509,0.027381625441696117,0.014218839817788332,-0.9851130742049514,0.008190637616208992,-0.13945936395759745,0.023399318779376045,0.0
102.44444444444444,315.6821159312822,20.857777777777777,7.730584600173092,0.08353055555555536,0.02246074649594047,-0.9664805555555473,0.00709144446759861,-0.17467777777777901,0.019213288753048483,0.0
87.68444444444444,82.91254974663215,20.32,6.160000000000051,0.16185833333333313,0.009556562308974842,-0.9284055555555615,0.0029421083325615834,-0.27460555555555405,0.015520044425920787,0.0
95.91666666666667,283.6382091212467,17.274444444444445,12.82448523050301,0.06365555555555635,0.05512172628199208,-0.9631111111111216,0.0066401099070729774,-0.0966388888888896,0.03393157281343559,0.0
102.50444444444445,262.74191570881214,16.627777777777776,7.450840439995022,-0.11480555555555538,0.04106814778796562,-0.9662444444444355,0.02675888438146378,0.035141666666666724,0.04558764316476811,0.0
95.16777777777777,193.97960573476723,18.163333333333334,6.799766407119027,-0.026508333333333346,0.03709791879688816,-0.973874999999999,0.014791620936372006,-0.0482055555555556,0.03875009944120295,0.0
109.40666666666667,302.6775973303669,18.985555555555557,5.622705475219372,-0.10393055555555568,0.014522890424809438,-1.0067666666666675,0.008191821061406064,0.06284444444444467,0.021133112778240856,0.0
89.04666666666667,263.056774193548,19.36111111111111,13.140866394759641,0.012575000000000058,0.0419459376910253,-0.9696972222222083,0.012576429556049427,0.022508333333333352,0.05718439837454827,0.0
84.8872437357631,238.55625670449297,19.38382687927107,11.422634369082868,0.07005691519635768,0.03664041805208116,-0.9553557199772388,0.008699232949054489,-0.16640295959021112,0.0324910712807345,0.0
88.63677639046539,66.3701914147149,16.406356413166854,13.509686822825335,-0.6472477324262811,0.014283803652356805,-0.6105952380952061,0.005812347604196442,-0.3715362811791216,0.05179729893848011,1.0
86.81555555555556,16.001537510814586,18.51888888888889,7.878396984303586,-0.5179527777777516,0.008413729361551325,-0.8590138888888832,0.013348985636441189,0.02175555555555557,0.0460118657651826,1.0
83.04555555555555,14.470669880113704,18.358888888888888,4.279286861945389,-0.47535000000001465,0.02044555682133904,-0.8053888888889067,0.04685341915964324,-0.12176388888888934,0.08868071667284029,1.0
79.31444444444445,10.832049190458525,17.97111111111111,2.6109553825237857,-0.6445388888889035,0.0008639718131579941,-0.523236111111115,0.004733536900682282,-0.523958333333323,0.0026947745901639195,1.0
80.34333333333333,21.843058954393772,16.761111111111113,5.352212334692881,-0.630658333333346,0.004709735968324598,-0.6781638888888882,0.024858950626717155,-0.16507222222222095,0.12271191476027259,1.0
82.98,8.293259176863128,17.235555555555557,2.2781559757755567,-0.6400694444444386,0.005914110208082446,-0.7890805555555652,0.005594347496218171,0.14910833333333234,0.02980623444012259,1.0
91.04692737430167,367.98660967592645,16.049162011173184,7.071405896541791,-0.23121651785713368,0.033842895892307476,-0.7835686383928522,0.019087484542270324,-0.42400948660715826,0.07615246544165567,1.0
86.91555555555556,24.137466320603156,11.787777777777778,19.433220862686944,0.11768055555555576,0.05299714716279224,-0.9097805555555241,0.0055191793939674445,-0.2393111111111137,0.04182703294124941,1.0
86.92888888888889,37.84588307996539,13.29111111111111,9.083124459275746,-0.1421249999999992,0.03548498020283369,-0.9004805555555753,0.004052922655984723,-0.2935388888888852,0.0472906125466954,1.0
91.37222222222222,32.645501174143796,14.15,3.92296996662959,0.058555555555555056,0.04827999135562353,-0.9141999999999829,0.005707445401500527,-0.23481666666666323,0.05362047207557709,1.0
93.17444444444445,9.260970213817782,17.874444444444446,1.7517377332838988,0.2280611111111155,0.01894994902905109,-0.9711722222221643,0.0005197702756938223,-0.043183333333333275,0.013121455682133711,1.0
81.32618510158014,93.41325706852322,17.293453724604966,3.3668949509634998,0.10527934537246025,0.04323130777535462,-0.9408352144469859,0.014256824094055568,-0.15351015801354068,0.03276311985162614,1.0
111.02222222222223,188.9450006179701,17.351111111111113,5.887707329131198,-0.3667694444444419,0.024573750663764687,-0.9453166666666696,0.031257915809947634,-0.008355555555555552,0.027296822697662926,1.0
87.03111111111112,51.1736695093321,16.34888888888889,9.682368063280201,0.16711944444444557,0.006996729268932608,-0.9910083333333177,0.00033365928035565464,0.08803055555555526,0.02038347781019411,1.0
85.09222222222222,8.942542330985033,19.628888888888888,2.4783636138919425,0.02016944444444838,0.07891403074156378,-0.9387777777777764,0.003638739155938348,-0.14326111111111045,0.040085222160475414,1.0
88.13295454545455,25.35772959975177,14.295454545454545,13.23911469645255,0.11760159136118262,0.09453642905943406,-0.9255157715260203,0.0038871059905287017,0.01343563512361487,0.06550698214080648,1.0
88.7576099210823,17.041632204325794,18.701240135287485,5.403869792157071,-0.029853521126760978,0.017557938526623518,-0.9988394366197403,0.0005522170974565242,-0.07025633802816912,0.012912557546462108,1.0
89.263687150838,29.71786334720588,17.550837988826817,8.619056903253217,0.017531415805641007,0.01761490997645852,-1.0052275900586567,0.0010120501436040074,-0.012705948059201258,0.008822647866845437,1.0
88.16888888888889,37.05042145593907,15.081111111111111,10.928897540476962,0.45313611111112967,0.0850254218687303,-0.7461972222222578,0.02488492358216777,-0.2209972222222234,0.04993323700256378,1.0
84.89222222222222,15.139650228649087,13.652222222222223,16.004611296502315,0.06463611111111131,0.023866663880399163,-0.9889083333333124,0.0010998637816060058,0.07651111111111147,0.03525389818159379,1.0
84.83888888888889,11.218730688419209,13.674444444444445,16.7470658756643,0.37436944444445003,0.024106354164737043,-0.8994500000000243,0.0009862492358988985,-0.14104999999999962,0.008463303973325911,1.0
84.72444444444444,32.10196020269429,11.13,15.826240266963385,0.04108055555555665,0.07623731498718737,-0.9677250000000037,0.0062771513614893635,0.053269444444444126,0.028368607568460345,1.0
84.84666666666666,191.80738598442693,18.305555555555557,6.045575330614268,-0.0060277777777782374,0.03652514510203425,-0.914569444444452,0.008020097982464168,-0.23805833333333298,0.06645916303139775,1.0
82.32627646326276,53.439545594296305,19.567870485678704,13.305549948292498,0.05023349937733518,0.012993062869968161,-0.9095859277708668,0.007564979534081003,-0.31104919053549,0.028173953356554194,1.0
81.23333333333333,11.48053392658508,19.01222222222222,2.755134099616847,0.1649361111111098,0.03611086004599951,-0.9311250000000071,0.000712737913309329,-0.22538611111110635,0.016211520785095104,1.0
78.67167919799499,18.569610978512614,17.68421052631579,6.376939840190226,0.28375117518019644,0.00968952928937082,-0.9533813851457046,0.0011344247192092826,-0.08459103729238462,0.013971360910240512,1.0
79.85212121212122,163.37373639305662,16.009696969696968,14.783886437187546,-0.22970312026658457,0.03313160880541339,-0.8999606179945654,0.01566948329707239,-0.06653438352014568,0.12252156162044629,1.0
79.48333333333333,67.71384872080101,14.401111111111112,7.6064503769620515,-0.25071111111111216,0.10713931079621024,-0.7976444444444402,0.026220123614583982,-0.03581111111111114,0.20102890568368506,1.0
74.64222222222222,20.717236435545807,14.29111111111111,12.624837473736266,-0.1409222222222212,0.09086272248463945,-0.9261861111111105,0.010635880885122443,-0.0784611111111115,0.05491838692846846,1.0
74.02555555555556,42.84361759980219,11.072222222222223,17.78454455567909,-0.23113888888889297,0.07033279537525909,-0.9113527777777981,0.017164354535210785,-0.15952500000000158,0.035938173867741056,1.0
84.10011123470522,182.0345100098859,16.52836484983315,40.10025244580117,-0.22043055555555321,0.05077666925226112,-0.9341749999999855,0.014495901569880771,-0.0562666666666669,0.0599608291191992,1.0
89.08,35.722180200222404,13.622222222222222,24.517859349895495,-0.13270555555555474,0.01441812944953854,-0.9415916666666586,0.0008578993470408675,-0.2744861111111136,0.010284592749529255,1.0
88.8,19.92213570634044,16.038888888888888,14.591366950933237,-0.18144444444444272,0.005600524837146088,-0.9861944444444186,0.0001746773795190029,-0.15659722222222291,0.001598837447130384,1.0
83.79444444444445,32.488289457421835,15.135555555555555,31.432104807811434,-0.15077222222222733,0.0015311623290420204,-0.9872611111110714,0.00013236859004044733,-0.1812361111111145,0.0011019725772591113,1.0
83.4888888888889,31.22457051044386,12.681111111111111,41.34313558274617,-0.22515833333333546,0.0012246484440122305,-0.8888472222222448,0.0026286512843074097,-0.3745722222222271,0.009535465746657939,1.0
81.73666666666666,26.396651835372793,14.511111111111111,20.917562724014388,-0.38061388888890696,0.00933574418048249,-0.8136083333333469,0.0018618026535148363,-0.4139222222222368,0.0027811664968663686,1.0
81.45555555555555,30.34396242738842,12.326666666666666,13.519421579532715,-0.4398472222222128,0.012110535140934242,-0.8731166666666758,0.005249244512364714,-0.1271249999999998,0.05696853118921929,1.0
80.7611111111111,36.71150043257941,16.682222222222222,11.738726980595622,-0.41802500000001436,0.018584511739372395,-0.827091666666658,0.01207375652959143,-0.31779166666665243,0.022784646776882033,1.0
80.13444444444444,16.99302805586451,17.05,5.840656284760831,-0.14362222222222254,0.0015582567997282906,-1.0098583333333937,5.246672686857797e-05,-0.027855555555556,0.0019006515390077462,1.0
75.76666666666667,35.48943270300324,14.912222222222223,17.119094055122417,-0.1495027777777814,0.00296477076193995,-0.9079499999999998,0.0046762631286467815,-0.337774999999999,0.026968623992774596,1.0
75.5761957730812,15.957161012855158,16.873192436040046,7.705505498561756,0.2800333333333253,0.019120087802164724,-0.8571388888888581,0.008290339137414336,-0.303908333333334,0.02563559592942489,1.0
79.16111111111111,79.86611667284659,17.50888888888889,11.413714003213418,-0.09331944444444336,0.04974799462041931,-0.9707249999999991,0.006136484509585848,-0.0030749999999999545,0.03914050006946441,1.0
74.37222222222222,22.22725868248665,16.6,6.0734149054505115,-0.18794722222221497,0.010656718525207557,-0.9941638888889247,0.0026929378453891283,0.11011944444444462,0.018680258026921897,1.0
70.70111111111112,11.649164503769537,16.452222222222222,10.817514522308828,-0.132533333333338,0.0029944140038898775,-0.9741138888888595,0.0002046049751474136,-0.22626944444444885,0.0030803552761569375,1.0
69.81666666666666,21.213292547274765,16.13222222222222,6.817870473365496,-0.045824999999998534,0.016698291122534514,-0.9860805555555949,0.0022078345759623803,-0.07413888888889064,0.03174035303016266,1.0
68.88,27.36266963292543,17.32888888888889,3.9606772957607177,0.09241944444444436,0.029098312486492948,-0.9597472222222411,0.0025546179417122107,-0.12479166666666694,0.040431965476521094,1.0
68.12333333333333,21.0648609566185,18.463333333333335,3.287864293659622,0.03941388888888909,0.019674427147973066,-0.9521944444444342,0.0015277198913278256,-0.24577222222222259,0.01715644713037616,1.0
86.75593220338983,157.04669836643922,19.840677966101694,21.79472352174243,0.012080158058142746,0.06437170221205803,-0.9156534010725331,0.024865856119852384,-0.13781541066892483,0.08085203028757168,1.0
95.45444444444445,76.59302805586441,24.84777777777778,30.943432208626913,0.2502083333333336,0.06146072346485076,-0.8646222222222268,0.010994633571053607,-0.23056666666666747,0.05255894526257337,1.0
79.67,80.31923248053413,21.69333333333333,31.654460511679694,0.2000916666666705,0.024622970200055397,-0.917358333333336,0.005550313350931176,-0.23153611111110697,0.02941967360532266,1.0
74.74555555555555,15.72050302805608,19.48111111111111,2.025226795204532,0.29789444444444485,0.017545829366182167,-0.9146999999999914,0.001920999166434991,-0.20906111111111278,0.0061392682844000155,1.0
75.23777777777778,9.11136324310964,18.67111111111111,3.284370287974267,0.2441472222222208,0.019662512356827484,-0.9525527777777755,0.0019478855160383918,-0.08122499999999909,0.026208807377049573,1.0
80.99111111111111,78.26688419231257,18.633333333333333,7.874304783092334,0.32288333333334,0.034101158933037196,-0.9234388888889009,0.005358829273563793,0.11452777777777848,0.032219226791393066,1.0
76.94888888888889,12.62029909776295,20.55666666666667,3.343837597330373,0.34100833333333946,0.034729380313976106,-0.8964999999999987,0.003663601000277761,0.2922944444444415,0.012099652094717745,1.0
77.31222222222222,17.36069583487836,18.898888888888887,5.232256828575029,0.13360555555555612,0.04657449288382481,-0.9798361111110847,0.0009271473480287718,0.026155555555555723,0.016249956345898566,1.0
73.50222222222222,8.299216413298744,19.70777777777778,1.7020528982820362,0.1684250000000023,0.006293573145318381,-0.9751916666666287,0.00029482293692691916,-0.16617222222222425,0.0040111289864468765,1.0
75.88777777777777,37.728215300951746,18.747777777777777,7.256669138548955,0.16891111111110862,0.13896458226050387,-0.8847444444444627,0.005877622919946904,0.28786944444445073,0.026777315542897678,1.0
79.11333333333333,57.96934371523918,16.954444444444444,5.342749969101508,0.2464611111111073,0.02354557225772626,-0.91295000000001,0.002477430119477661,-0.2271388888888943,0.022776474174925013,1.0
75.97333333333333,49.31185761957645,19.24,3.7243159065628983,0.37538333333334734,0.02248782189497136,-0.8866777777777644,0.0034771509369886317,-0.14423611111110932,0.025754237095181046,1.0
71.08333333333333,16.038654060066733,18.517777777777777,2.178771474477816,0.2784333333333264,0.011325358155043156,-0.9219305555555675,0.0017106648065820548,-0.1805527777777798,0.02676815781389892,1.0
70.2388888888889,21.381133358052157,18.79,3.3140266963292757,0.11654166666666795,0.028306764031675716,-0.9142805555555733,0.0018598879241147192,-0.2801416666666731,0.033263580925257843,1.0
91.74555555555555,245.84063650970168,19.336666666666666,4.824238042269177,-0.9853083333333637,0.005723383648235349,-0.05092222222222207,0.04099992726374401,0.10706111111111001,0.048855878453891284,1.0
98.0298273155416,500.19879446698974,21.37519623233909,3.5492580196084336,-1.0105380989787855,0.020519906799370904,-0.05086802827965436,0.017586790435167813,0.21309897879025982,0.014511924973416468,1.0
71.35505617977527,20.06726911945004,16.491011235955057,8.049975354204388,-1.0057732248105853,0.0033972332301086742,-0.12227617176536708,0.033303717082252444,0.1362054448498441,0.013521251435814504,1.0
71.72777777777777,28.285100729205382,16.57777777777778,3.238660239772621,-0.9646666666666537,0.00023273131425397554,-0.3522638888888726,0.003988843930412848,0.20889444444444324,0.012195609860764997,1.0
63.74888888888889,26.010287974292442,16.441111111111113,6.689520454826392,-0.9721027777777574,0.0002641239155938283,-0.270269444444442,0.001951386118057559,0.3074999999999865,0.002979466518477347,1.0
74.5,105.42714126807564,16.872222222222224,10.43637992831549,-0.9351416666666755,0.00355141087802169,-0.25451944444445057,0.05025672926893238,0.08249444444444345,0.08459205331727924,1.0
75.41777777777777,79.82081819305394,16.605555555555554,8.959924607588686,-0.6313194444444482,0.15287725274767527,0.20178611111111075,0.07585313012102024,-0.3457777777777756,0.16499161495477171,1.0
71.03888888888889,111.89058830799648,18.244444444444444,13.430725497466314,-0.6489055555555477,0.038903219752400846,0.29199722222222424,0.15865438732209483,0.38787500000000025,0.19467458842734092,1.0
69.46777777777778,56.838782597948445,16.183333333333334,16.790600667408192,-0.27983611111111384,0.05497593867895391,0.5426472222222123,0.1792916565635546,0.33724722222222087,0.2755430452826405,1.0
83.59777777777778,154.99932764800425,19.084444444444443,5.136353973550874,-0.06605277777778065,0.025192111689975025,-0.8582749999999926,0.008161541469852344,-0.38206944444444535,0.059290881533455235,1.0
77.73666666666666,6.719232480533947,18.744444444444444,2.7154863428500726,0.0062833333333332094,0.003112217560433419,-0.8585472222221993,0.0032596560078416636,-0.448752777777783,0.013777076958105674,1.0
78.42222222222222,6.709183042887133,19.38888888888889,2.255716227907579,0.2515972222222189,0.010195419831126165,-0.9710833333333392,0.0005484787440955835,-0.06625000000000149,0.004834558210613954,1.0
79.02937853107345,8.7864662422987,17.880225988700566,14.863466012219616,0.1307429378531033,0.03402100765002804,-0.9815310734463297,0.0009809837756204138,-0.009293785310734083,0.019765875801999615,1.0
78.38111111111111,7.235015449264603,12.091111111111111,8.647974292423676,-0.09245833333333385,0.037730465059738996,-0.9230666666666731,0.005251443178660674,-0.16766388888888908,0.085667200140471,1.0
77.72666666666667,10.41018909899888,13.25,16.06979977753059,0.18188888888888685,0.04553591429718084,-0.963947222222217,0.0012503500895310264,0.021963888888890455,0.029456130954586143,1.0
79.26333333333334,19.931690767519342,10.401111111111112,13.904559386973228,0.01490000000000042,0.027891737704918294,-0.9270083333333142,0.0032838232147817106,-0.25306111111111473,0.04956161893735887,1.0
81.66333333333333,40.076740823136895,12.477777777777778,11.391051785934962,0.09269999999999874,0.07463894303973283,-0.9354944444444465,0.00518958596523731,-0.09939166666666671,0.050072066615726656,1.0
79.16333333333333,25.220233592881062,11.396666666666667,9.59665183537265,-0.038213888888888894,0.03747880391930035,-0.866800000000023,0.004091841066962985,-0.4064833333333316,0.01533450375104198,1.0
77.03222222222222,17.68416635768141,11.543333333333333,15.198342602892097,0.09242222222222277,0.09988593448797688,-0.9058611111111201,0.005994256892346712,-0.010863888888889893,0.09568274890401732,1.0
76.06333333333333,46.29743047830912,12.36111111111111,11.57913113335804,0.09392777777777772,0.07847676055077131,-0.8582305555555564,0.01435632915779066,-0.22197500000000553,0.10768103855237701,1.0
67.42111111111112,6.709008775182284,18.56222222222222,5.098460017303223,-0.03520277777777825,0.0004156854604674162,-0.7468277777777548,9.424096199562619e-05,-0.6050194444444081,0.00014904102219752413,1.0
66.41694915254237,16.88364905284151,18.216949152542373,1.323920546054142,0.030107314317990044,0.028357785090553034,-0.7770742728043157,0.005094601544138977,-0.38672973736233535,0.1695553475589433,1.0
81.68777777777778,155.8123087381039,10.532222222222222,40.04901619082884,-0.0895416666666662,0.07360737531258733,-0.9552194444444269,0.00452187458707641,-0.023708333333333415,0.05117010106974173,1.0
79.29888888888888,12.912790755159941,8.34,7.40818687430481,-0.09696944444444458,0.06630904046648874,-0.9357722222222247,0.0025677280417398998,-0.18105833333333404,0.03712449784662292,1.0
79.12555555555555,123.36686565319472,14.79111111111111,42.249976517117524,-0.05066388888888855,0.044854824480566304,-0.8978666666666835,0.01248169380383443,-0.22832777777778382,0.08622159856132983,1.0
83.05666666666667,165.74428253615096,20.25,17.8940489432703,0.2396833333333342,0.15302096110030966,-0.8384083333333278,0.020132197763267867,-0.16543055555555283,0.0418563302692119,1.0
78.58666666666667,56.56978865406021,16.473333333333333,17.91141268075639,0.1789277777777745,0.18070287891698159,-0.8550249999999955,0.019906751250346744,-0.13815555555555367,0.02942310444259159,1.0
79.32444444444444,19.329546409590712,12.641111111111112,6.397195649487064,-0.1048499999999991,0.014187585162545117,-0.9628583333333206,0.001791799874965267,-0.1471833333333337,0.05277944956932558,1.0
82.44555555555556,81.045975775553,15.078888888888889,18.99599431467071,-0.05785277777777789,0.046173576541322404,-0.9680666666667019,0.004782257293692692,0.04321944444444426,0.058118695926337914,1.0
91.39333333333333,81.1576863181321,19.24111111111111,21.02633914225673,-0.18479444444444498,0.1081533892439264,-0.8547083333333316,0.06644020387607613,0.022191666666666707,0.11162973263406469,1.0
88.80444444444444,65.40331726609817,17.897777777777776,13.540150784822696,-0.12503888888888878,0.05872208795653142,-0.9443416666666745,0.014554220547374298,0.021744444444444108,0.07624585854095306,1.0
78.32925472747498,51.067417149963894,15.880978865406007,37.27423690267065,0.24733055555554778,0.009382508096384374,-0.9175861111111203,0.0016533824133248293,-0.24368888888887963,0.011060408879010731,1.0
85.69444444444444,39.52054752193798,18.95888888888889,33.885960944259075,0.28288333333332594,0.0005586193387051846,-0.910380555555555,0.000434392508721583,-0.2661333333333362,0.0011572592386773814,1.0
84.20555555555555,31.97216042516374,17.13222222222222,53.33399950562336,0.2529222222222115,0.0036463623846130612,-0.9289555555555665,0.0005401147232255668,-0.239200000000002,0.004474769658238425,1.0
90.32,129.55043381534978,17.165555555555557,45.56877889012493,0.3707555555555472,0.005964585965237245,-0.9180888888889007,0.00038901126856225504,0.09033611111111127,0.0398756580454447,1.0
83.69555555555556,27.35548634285006,16.763333333333332,29.555717463848797,0.23629722222221825,0.019162084460189865,-0.944836111111116,0.0008987783566422937,-0.16279999999999759,0.013938309530425165,1.0
87.17888888888889,53.468519342479304,18.985555555555557,26.944173773328313,0.2839027777777588,0.0005345557022012346,-0.9051388888889055,0.0002971187984316595,-0.2799472222222233,0.0016358682890309263,1.0
90.14555555555556,36.29580892349528,19.845555555555556,19.127399579779944,0.3556666666666611,0.009480744651291891,-0.911788888888922,0.0010683744249945972,-0.14804444444444223,0.011977447315612384,1.0
86.31111111111112,33.02212334692864,15.89,40.90334816462729,0.44698333333334483,0.0023542759099749342,-0.8927138888889099,0.0005817130607267372,-0.08148611111111054,0.0027528061421382448,1.0
90.95111111111112,62.49148930910901,21.157777777777778,19.160840439995056,0.4820861111111172,0.0019314902210490331,-0.8677361111110897,0.0004933729662560632,-0.10701111111111183,0.001386951807600871,1.0
88.37666666666667,23.349621802002133,19.435555555555556,20.381826721048075,0.42252499999999366,0.002229326965823767,-0.9052611111110994,0.00043121827050723735,-0.08850277777777729,0.002006899130931453,1.0
94.51444444444445,90.29456309479657,18.87,22.902992213570595,0.28279722222222137,0.07905377381834401,-0.8521083333333289,0.02030461176715755,-0.1479000000000003,0.0816324879133095,1.0
88.88777777777777,31.261029538993675,16.955555555555556,8.738845630947976,0.4094500000000049,0.0197945848846899,-0.8467861111111032,0.01040492228551126,-0.22911111111111038,0.024591374147139838,1.0
71.3711111111111,9.960009887529269,16.281111111111112,12.326895315782947,0.24641944444445402,0.0012361618891049886,-0.9858138888888458,0.00021812039609768038,-0.01821111111111098,0.0031136647834275628,1.0
74.35333333333334,91.27434927697506,15.471111111111112,6.627640588307969,0.5676277777777871,0.15440687447129847,-0.5004222222222497,0.2339927641628856,0.01711944444444414,0.04469097767126632,1.0
69.16222222222223,31.57765912742553,15.807777777777778,4.575912742553488,0.5237666666666834,0.32838719755487955,-0.3887805555555836,0.06968267480935933,0.040205555555559255,0.16476956040259036,1.0
81.50444444444445,26.457154863428592,18.61111111111111,6.055493758497099,0.8251111111110911,0.0010518353863726891,-0.21794722222223015,0.0014452709008676008,-0.40814166666666096,0.002127387538205067,1.0
92.11444444444444,33.28054752193825,17.647777777777776,17.901385490050593,-0.4007916666666627,0.03832443560711387,-0.8938638888888881,0.020188539401376993,0.031930555555555656,0.05393050365070603,1.0
89.94,38.48360400444931,20.08888888888889,10.081077740699564,-0.4045916666666692,0.017404167754931994,-0.9186694444444393,0.01032279150844375,-0.04776944444444418,0.02911530665153908,1.0
92.47888888888889,27.015126683970248,19.106666666666666,9.156573971078974,-0.3791916666666667,0.018220991317032538,-0.9204527777777801,0.007621217552715286,-0.06811111111111069,0.040720020993485546,1.0
81.60843373493977,68.9840059877632,12.69277108433735,29.564121382998696,0.03449428055388377,0.04836121661888975,-0.9663576158940257,0.006064115372573599,-0.07557796508127637,0.037361620086433185,1.0
73.76777777777778,16.810306513410005,17.754444444444445,9.184351748856734,0.5074083333333553,0.046848157752153216,-0.6102805555555691,0.04359316939118605,-0.34201944444444515,0.09816832971349135,1.0
77.56666666666666,71.29143492769751,15.984444444444444,9.01199357310589,-0.21553888888889,0.1479527520298859,-0.5862333333333389,0.10803943428730432,0.23293888888888162,0.3432875539192929,1.0
78.97111111111111,84.59983191200118,18.148888888888887,7.933313558274717,-0.10269444444444484,0.050764730171961786,-0.9100861111111077,0.05677806982649461,0.006038888888888826,0.10273851474174973,1.0
79.36777777777777,36.835668026201965,16.98111111111111,5.68707329131134,-0.027722222222222523,0.08537030347936171,-0.8392055555555573,0.08590517585131749,0.15254166666666705,0.15272921471242076,1.0
79.41666666666667,79.6293103448276,18.787777777777777,5.083943888270948,-0.1910305555555587,0.05271049642647636,-0.9576083333333154,0.007005920464017796,0.03674722222222213,0.045901141976166245,1.0
75.36444444444444,131.09283895686514,17.404444444444444,15.282293906810072,0.3219916666666784,0.17939778264795767,-0.7851638888888814,0.0483990284261072,0.08950833333333288,0.07294760482078363,1.0
88.95550611790878,75.48354147518614,19.941045606229142,6.781598460055894,0.3312166666666715,0.09733566851903468,-0.5680833333333379,0.03963478049458487,-0.44031666666667774,0.14311231981105424,1.0
93.94444444444444,20.964652082560878,16.725555555555555,9.556409590903465,0.5505944444444386,0.05574718752122475,-0.321569444444442,0.03950098156123583,-0.5352833333333478,0.08438741622672986,1.0
88.22236340533672,84.12479186268008,14.843710292249048,4.154931763290877,0.6079377184620226,0.08710766554126333,-0.25143311089927106,0.03354139754286196,-0.4330251032729625,0.1450633188228936,1.0
75.63666666666667,162.95905450500524,13.754444444444445,18.263328389568574,0.14617777777777854,0.15453331653854407,-0.5681999999999952,0.16467694804112254,-0.30380277777777714,0.1947863962134553,1.0
83.80645161290323,91.87563761764511,14.136818687430479,14.193954678670421,0.017866666666666812,0.03123801500416872,-0.9857138888889122,0.016922302113241788,0.05227777777777786,0.02498530764718586,1.0
89.47111111111111,17.731088864170033,13.767777777777777,15.448793721418888,0.11888888888888895,0.013721132413324672,-0.9972111111111197,0.0005064183260782392,-0.01907777777777772,0.011823489364329512,1.0
93.5995145631068,85.88558907147669,16.074029126213592,31.497550696598864,-0.0906162720097144,0.05446961705673263,-0.9342197935640493,0.025864544448666787,0.03877656344869451,0.08799543563641016,1.0
96.93258426966293,167.31828465262086,20.847191011235957,30.577298062461335,-0.28750982594048297,0.05610974786747918,-0.9045199326221168,0.03140388348351133,0.11431779898933189,0.08408053699846828,1.0
94.51333333333334,141.8274082313683,15.65,24.746106785316893,0.20829999999999627,0.037227562100584644,-0.8574333333333422,0.010638033898305387,-0.2763138888888928,0.07558349133246883,1.0
86.15666666666667,14.3569632925473,13.595555555555556,12.496976887900175,0.27882222222221825,0.003659295977277672,-0.825705555555536,0.0011338171405637066,-0.4111111111111127,0.014453280232163196,1.0
85.30777777777777,22.925189716969413,11.627777777777778,16.93916079594613,0.3290666666666757,0.01544503028619105,-0.8807916666666908,0.0012551941511530955,-0.24663333333333215,0.021476075576548993,1.0
84.72333333333333,14.284883203559355,10.554444444444444,14.260658756643139,0.4532833333333113,0.018355985273687543,-0.85364722222221,0.0010561300284029692,0.05153055555555504,0.05879034916334679,1.0
82.09333333333333,48.77882091212464,12.662222222222223,24.488671363243064,0.1778277777777802,0.05452937294310105,-0.868600000000001,0.011767475409836027,-0.2502944444444432,0.0733927446204201,1.0
89.06583427922816,176.3206609225056,16.62883087400681,21.751849654318413,-0.5120385596824419,0.22159893441743436,-0.7005131840090716,0.047224325336626426,-0.0163878650411116,0.05030356817941668,1.0
78.70777777777778,25.341652453343404,14.452222222222222,11.507169694722617,-0.6667944444444291,0.017207059707943232,-0.7025749999999867,0.01944051951931064,-0.1521333333333337,0.05570147707696818,1.0
82.42222222222222,48.784822642442016,11.581111111111111,6.205871956494941,-0.5042722222221999,0.012455652465191003,-0.8747055555555872,0.010125614862152917,0.02355555555555584,0.03479991355623348,1.0
80.24888888888889,17.019186750710666,13.268888888888888,13.462657273513813,-0.819047222222245,0.017897758258466404,-0.5127555555555294,0.0383675645704064,-0.19471666666666634,0.022462437065852343,1.0
78.81333333333333,24.99515016685208,15.884444444444444,13.775286120380787,-0.8911194444444468,0.007038674253650592,-0.4839000000000087,0.013244913587108229,0.08483055555555556,0.04134806797413009,1.0
76.27222222222223,26.334043999505607,15.005555555555556,25.64957978000227,-0.7793138888888843,0.012041124008212325,-0.6566305555555689,0.013879585617918765,0.11166388888889077,0.02026377696736741,1.0
76.52666666666667,57.84022246941014,16.054444444444446,19.599924607588882,-0.8422777777777605,0.004961967830570464,-0.5730722222221908,0.010220233737766751,0.08334444444444415,0.03600353789633066,1.0
76.30111111111111,74.29744036583863,17.61888888888889,12.805649487084429,-0.8075805555555481,0.0015582180158068334,-0.6253444444444669,0.004643282269766184,-0.07782222222222229,0.018137684418511223,1.0
84.08888888888889,63.32690643925347,9.04,16.016195773080877,-0.8812194444444418,0.0044992905359513445,-0.5244055555555552,0.01361276129171671,0.09259166666666659,0.022066551750485948,1.0
93.59353348729792,82.67158819367509,12.334872979214781,45.10160327864474,-0.6662020202020272,0.18770647187813597,-0.5875844155844164,0.07454136303650195,0.07527272727272741,0.031025221499055133,1.0
71.35505617977527,20.06726911945004,16.491011235955057,8.049975354204388,-1.0057732248105853,0.0033972332301086742,-0.12227617176536708,0.033303717082252444,0.1362054448498441,0.013521251435814504,2.0
71.72777777777777,28.285100729205382,16.57777777777778,3.238660239772621,-0.9646666666666537,0.00023273131425397554,-0.3522638888888726,0.003988843930412848,0.20889444444444324,0.012195609860764997,2.0
63.74888888888889,26.010287974292442,16.441111111111113,6.689520454826392,-0.9721027777777574,0.0002641239155938283,-0.270269444444442,0.001951386118057559,0.3074999999999865,0.002979466518477347,2.0
74.5,105.42714126807564,16.872222222222224,10.43637992831549,-0.9351416666666755,0.00355141087802169,-0.25451944444445057,0.05025672926893238,0.08249444444444345,0.08459205331727924,2.0
75.41777777777777,79.82081819305394,16.605555555555554,8.959924607588686,-0.6313194444444482,0.15287725274767527,0.20178611111111075,0.07585313012102024,-0.3457777777777756,0.16499161495477171,2.0
71.03888888888889,111.89058830799648,18.244444444444444,13.430725497466314,-0.6489055555555477,0.038903219752400846,0.29199722222222424,0.15865438732209483,0.38787500000000025,0.19467458842734092,2.0
69.46777777777778,56.838782597948445,16.183333333333334,16.790600667408192,-0.27983611111111384,0.05497593867895391,0.5426472222222123,0.1792916565635546,0.33724722222222087,0.2755430452826405,2.0
65.0911111111111,102.21638363613899,13.748888888888889,8.682145593869702,-0.22344166666665546,0.011881983259239148,0.4071777777777823,0.31958347491589023,0.6091444444444812,0.11466550844370452,2.0
61.82222222222222,45.70584600173042,14.005555555555556,3.249134841181537,-0.30039444444445595,0.0009388274211972301,0.6788722222222485,0.11746719122595764,0.5919749999999891,0.005132386148930399,2.0
58.41,24.969644048942794,13.651111111111112,1.0461055493758793,-0.15797499999998965,0.0021032336065573407,0.2564416666666605,0.18485538142541436,0.876494444444484,0.012232164459263317,2.0
58.61,13.86886540600666,13.846666666666666,1.1177308120133453,-0.11397222222221744,0.0017606549658855653,0.4132111111110871,0.0010834897348028652,0.9293250000000326,0.00028909690191719346,2.0
60.62444444444444,23.436109257199153,13.782222222222222,0.7845556791496832,-0.1407583333333369,0.004388338357877434,-0.4728694444444268,0.26746097767130184,0.7385472222222799,0.01993239843629457,2.0
63.99333333333333,54.18682981090087,13.592222222222222,1.1027203065134155,-0.21803333333334848,0.0005373926090580135,0.33984444444443523,0.26227594134174126,0.7814805555555464,0.011177440577629578,2.0
61.98,22.578020022246882,13.183333333333334,1.155450500556162,-0.2671444444444308,0.0007102653206137365,0.8118499999999707,4.820200055570094e-05,0.5252444444444277,0.0002842414250872176,2.0
59.31,3.73137931034482,14.908888888888889,0.28534915338029854,-0.29013611111109683,2.7878037109073556e-06,0.8099972222221801,2.528472415177043e-06,0.5167666666666537,2.7053070297305608e-05,2.0
37.187777777777775,280.8734878259701,13.894444444444444,1.9654863428500344,-0.20206944444445643,0.0005331154873267303,-0.6344638888889081,0.10357420541970934,0.7383694444444445,0.0023402413556233756,2.0
54.51444444444444,194.58154863428868,14.69111111111111,1.9934692868619517,-0.19636666666667238,0.0010789319255348861,0.31228333333332736,0.27805669102530356,0.78407777777782,0.020797370998116627,2.0
60.843333333333334,44.848620689655256,14.206666666666667,3.2764849833148184,-0.21613888888890206,0.010847549473619496,-0.6231777777777617,0.20480473637738045,0.46217222222221527,0.2063503787780469,2.0
56.833333333333336,44.786429365962434,13.083333333333334,1.166573971078969,-0.1975611111110947,0.0014131110184927432,0.3226666666666781,0.4434953598221691,0.6729888888888906,0.009835798709518428,2.0
54.89333333333333,7.5369966629588605,14.051111111111112,0.5557829687307052,-0.2083444444444529,0.00035324614862160367,-0.5960805555555374,0.28264867925503107,0.6353138888888612,0.0011504432635608035,2.0
57.71333333333333,57.083470522803374,14.533333333333333,1.9621802002224782,-0.2516583333333394,0.0023484300500140293,0.02686111111111477,0.6225001752029948,0.5922083333333337,0.013422323909419335,2.0
54.297777777777775,28.04916079594672,14.082222222222223,2.8519639105178927,-0.22851944444445452,0.001510533103331306,-0.4115583333333337,0.6183947645873982,0.4769000000000183,0.0050231742150592725,2.0
53.65111111111111,45.80250154492636,13.82,1.030967741935505,-0.13330555555555731,0.018944335617918258,-0.5538638888888714,0.12115469666728418,0.7732500000000507,0.01730607807724442,2.0
57.54888888888889,44.78626127796338,13.592222222222222,2.06601285378815,-0.36408333333331716,0.0017185815504306675,0.7896444444444239,0.008750137507331664,0.4822222222222471,0.0182442406841403,2.0
53.34222222222222,21.395545668026326,11.768888888888888,1.1167173402546142,-0.24504722222221914,0.0003886612870859138,0.7117555555555212,0.0007997512889382812,0.6836888888889131,0.001664020993485806,2.0
57.24888888888889,59.31729576072206,12.75,3.3623470522803114,-0.22102499999999023,0.011987640386218766,-0.015425000000004234,0.36305922471520724,0.7232444444444208,0.10752245203914429,2.0
52.71222222222222,2.116201952787035,14.341111111111111,0.7900766283524883,-0.17257777777777444,3.5364885307646795e-05,-0.9075194444444366,1.8657582353123445e-05,0.49296944444445023,2.088264487048906e-05,2.0
73.74,72.17481646273649,14.765555555555556,5.4032616487455725,-0.8772916666666539,0.07396707245068226,-0.0841888888888871,0.12052798876231,0.06391388888888871,0.09223771972924674,2.0
62.63666666666666,106.89231368186873,14.676666666666666,5.057741935483894,-0.5393361111110975,0.20955446326911473,-0.24412222222222577,0.09605496699700558,0.44039166666665946,0.22424171929703252,2.0
52.26555555555556,78.29313929056954,13.086666666666666,1.1626696329254613,-0.14509444444444144,0.0015324167515667613,-0.15960277777776086,0.416019542087319,0.7582888888888998,0.02896306183816579,2.0
50.46666666666667,19.236929922135673,13.8,1.090100111234702,-0.10068611111111771,0.007463130121021467,0.18965833333335094,0.30010010551542216,0.8320361111111254,0.00314158802599471,2.0
49.43333333333333,1.6807563959955547,14.245555555555555,0.34119268322827834,0.016302777777778416,2.59766524651894e-05,-0.5163222222222094,2.787058133432275e-05,0.8965500000000217,2.454876354543004e-05,2.0
56.16111111111111,48.05299097762968,13.185555555555556,1.886554196020261,-0.1837861111110979,0.001488773355253112,0.7782333333333152,0.05662466351764187,0.5501722222222024,0.00705198477972296,2.0
57.42111111111111,33.750165616116746,13.713333333333333,3.292591768631831,-0.21409444444444117,0.0023348285326170322,0.77241388888889,0.00048144576425550924,0.6071944444444085,0.0003041577907443457,2.0
55.87444444444444,39.2089123717713,12.712222222222222,2.09840439995055,-0.3483444444444571,0.001005316168071339,0.7265944444444339,0.00040912694884380615,0.6193999999999563,0.0007740216726869087,2.0
54.54333333333334,30.809021134593863,12.37111111111111,1.8087306884192342,-0.22007777777776996,0.028256565218734982,0.05074444444445912,0.3366946387576859,0.7887222222222475,0.02363609953382234,2.0
51.855555555555554,1.5764429613150404,14.29,0.8001223581757488,-0.2513138888888879,1.1415755919854613e-05,0.05342777777778011,2.2645518816955896e-05,1.0009250000000116,8.396707418727488e-06,2.0
55.17333333333333,51.591724137930946,13.505555555555556,1.2402360647633195,-0.23938055555554347,0.008027429463431554,0.43131111111107684,0.043105921521414396,-0.09325555555555216,0.60944119057765,2.0
56.31333333333333,49.95955506117892,12.963333333333333,2.2467074527252477,-0.22479999999999412,0.005469757154765007,0.48901666666669524,0.03382742956376615,-0.6877527777778093,0.024374415107593077,2.0
60.068888888888885,41.87066617228995,13.583333333333334,1.4602335928809755,-0.31366111111112094,0.0217829248556701,0.6122694444444108,0.04819448697940556,-0.3887000000000309,0.18619364156710067,2.0
61.034444444444446,44.960992460758725,13.004444444444445,1.1612705475219371,-0.2682611111110921,0.0033236772869006535,0.5507611111111396,0.04759830912907533,-0.6237027777777665,0.02601293191781664,2.0
59.50333333333333,46.45048943270299,13.817777777777778,1.3905623532319935,-0.3358972222222293,0.006128230611898392,0.7598444444443879,0.03424593300608213,-0.33935555555553004,0.04956457485103748,2.0
62.885555555555555,73.92570881226051,12.488888888888889,2.234581633914228,-0.2245111111111106,0.03035108073230259,0.12633055555555378,0.3209149282130863,0.055797222222233885,0.5326895004090691,2.0
60.91888888888889,75.5696094425907,13.998888888888889,3.0044481522679356,-0.26271944444445977,0.17086787347565732,-0.18742222222221616,0.0020482573554381463,-0.7463111111111743,0.03703056725633797,2.0
57.42444444444445,11.499290569769165,13.042222222222222,0.6211296502286502,-0.746322222222188,0.06972684251798233,-0.24715555555555202,0.0006338629866321619,-0.5169333333333491,0.013181923867741027,2.0
58.78888888888889,0.8363613891978838,13.785555555555556,0.32214930169324235,-0.8297249999999615,2.675118088357828e-06,-0.2563194444444401,4.277094717668365e-05,-0.4802611111111256,2.543638665061246e-06,2.0
59.66222222222222,33.71892720306532,14.217777777777778,1.925823754789272,-0.28066388888886945,0.2556391534608307,-0.17938055555555907,0.004943072697662916,-0.6902777777777691,0.035443379333768274,2.0
58.23777777777778,20.501797058460014,13.275555555555556,1.1408923495241574,0.6846833333333087,0.07914521783829122,-0.14429999999999632,0.0005572759099749515,-0.5108083333333819,0.043922297235343424,2.0
58.443333333333335,24.598565072302552,12.84,1.1556840934371535,0.8326749999999722,0.001540244442900794,-0.09478055555555301,0.00464768731283374,-0.4215722222222149,0.002803640239572692,2.0
54.843333333333334,4.401457174638487,14.091111111111111,0.7369620566061054,0.7938083333333615,0.00019018831619893681,0.005486111111111143,0.0002607250084900482,-0.4890055555555682,0.00019978879935788208,2.0
54.57888888888889,19.443157829687376,14.261111111111111,1.5568841923124375,0.8016055555555501,0.00010689632922725122,-0.05320277777777852,0.0005560355577166835,-0.479016666666682,0.00012567907752152583,2.0
56.906666666666666,38.06024471635152,14.672222222222222,1.4308181930540111,0.6899777777777565,0.14399271970609115,-0.06781666666666832,0.005033353431508738,-0.4959861111111302,0.004514114838998496,2.0
54.43333333333333,20.759733036707495,13.434444444444445,0.9690013595352839,-0.4662361111111466,0.13002631267173007,-0.273274999999987,0.002844592317310362,-0.6935305555556174,0.004015789563458982,2.0
54.47,17.79331479421579,13.034444444444444,1.2012594240514232,-0.20213611111111482,0.2888379753558002,-0.15451111111111193,0.00031334802877342307,-0.7149555555555573,0.010346094161957834,2.0
59.776666666666664,37.633047830923786,13.646666666666667,2.188698553948841,-0.20919999999998712,0.355330340650179,-0.15518888888889326,0.0009973524744528236,-0.6785499999999851,0.00624763295359831,2.0
57.09777777777778,16.90922753676926,13.182222222222222,1.192564577926086,0.5397611111111243,0.5361341468617501,-0.18856666666665856,0.0007945551542094901,-0.220552777777795,0.04640694636627364,2.0
57.32222222222222,4.438882709183031,14.613333333333333,0.5800222469410464,0.9590638888889177,0.00016347466117131297,-0.17993333333332825,7.86285079188659e-05,-0.09996666666666776,0.0006383984440122251,2.0
55.3,43.1090100111234,13.736666666666666,1.179744160177968,0.7914166666666566,5.250764101138969e-05,-0.21893333333333728,0.0009564056682411861,-0.46548611111113425,0.0001571962505016847,2.0
59.404444444444444,26.71944629835607,13.175555555555556,0.7922827833395122,0.391269444444445,0.015856154109166236,-0.11998055555555598,0.0022698801441759,0.88806388888887,0.07085679502794957,2.0
59.49777777777778,44.83536769249787,13.394444444444444,1.3514707699913466,0.497152777777791,0.09743882077583091,-0.13544444444445258,0.006327337840758461,0.5735388888888827,0.3166437662004987,2.0
63.095555555555556,49.63713261648717,13.406666666666666,1.803292547274749,0.5526861111110792,0.09317419430551795,-0.2041972222222197,0.020949285905035805,0.614511111111119,0.17997425383594248,2.0
61.312222222222225,56.74445556791505,13.257777777777777,2.794433320973926,0.3942111111111579,0.4525255792041017,-0.27969444444443947,0.007296211138896462,-0.41628333333333917,0.052286099194220184,2.0
56.26111111111111,61.0585527128909,13.637777777777778,1.5393943888270853,0.06789722222222268,0.07969935592448436,-0.14022499999999796,0.00028488962211725076,-0.8397166666666839,0.01143620755765494,2.0
56.464444444444446,51.2100803361762,13.1,1.3092324805339224,0.840749999999996,0.018770373714920546,-0.11556111111110144,0.0025423358031551597,-0.33243333333331343,0.05601280466796258,2.0
56.656666666666666,13.117808676306998,12.265555555555556,0.8693350636509687,0.914380555555558,0.0007151482742119719,-0.05750555555555464,0.0029133647926893836,-0.20979722222219832,0.03815052847241559,2.0
59.11222222222222,27.28772586824869,12.29888888888889,1.4711889754047716,0.9711583333333176,4.447617393720518e-05,-0.16816388888888795,0.0001622571007378565,0.10312222222222965,0.007853988947547253,2.0
56.71111111111111,7.291311333580512,12.573333333333334,1.2460066740823297,0.9699416666665985,5.800916921366695e-07,-0.1529916666666584,2.169484579049692e-05,-0.05317222222222491,3.74474082306803e-05,2.0
60.81,73.0461735261401,12.86,1.5398887652948001,0.596297222222233,0.1636778944074022,-0.07986944444444546,0.006868085201136565,0.46230833333333976,0.26250361704641295,2.0
61.24777777777778,48.62263131874934,12.82,1.469232480533928,0.22433333333330469,0.03530680744651175,-0.004949999999999088,0.0017306449013614836,0.9786333333333278,0.002054869686024138,2.0
64.85666666666667,99.45551724137898,13.028888888888888,2.8779186750710624,0.2888277777777731,0.20384147074805287,-0.06855555555555332,0.012987521225031922,0.5152666666666678,0.4325280755765507,2.0
69.94871794871794,195.36026089818353,11.893939393939394,4.7296948481312535,-0.19538595980192255,0.3732150097911625,-0.32709583454704527,0.12023180229325023,-0.40201281677831996,0.14878426323894545,2.0
66.24,134.82776418242534,15.24,6.331657397107903,0.17854444444444267,0.3095788754900948,-0.29903055555555297,0.09818452810194268,-0.36459999999999143,0.2571990619616517,2.0
55.08111111111111,3.0646038808553095,13.831111111111111,1.1950265727351526,0.6703111111111453,4.4044333302465485e-06,-0.2795833333333152,4.050430675187509e-05,-0.5816361111110833,1.6966742304961947e-05,2.0
56.37111111111111,16.19805215671747,14.223333333333333,0.6119132369299319,0.546986111111112,0.006752097611991373,-0.15311944444444334,0.0074366959263381,-0.7004638888888937,0.005824097056281584,2.0
58.913333333333334,15.024738598442795,14.511111111111111,1.6628352490421532,0.762144444444417,0.056008737118330855,-0.06836666666667271,0.0005872731314253784,-0.38241388888883876,0.1057615235636445,2.0
61.041111111111114,42.68907551600581,13.677777777777777,1.3955011741441115,0.012247222222234748,0.5747672464496462,-0.20288333333332853,0.013341336760210706,-0.4707388888889149,0.07978678370534431,2.0
58.89333333333333,20.96302558398223,13.79,0.5109121245828714,-0.5643249999999661,0.01966045005557104,-0.28380277777776464,0.0022175159689419867,-0.7020555555555957,0.0019904387021086115,2.0
58.906666666666666,33.02131256952171,13.475555555555555,1.379824496353982,0.4500027777777803,0.05749410946713682,-0.024222222222222086,0.002540156216233003,-0.6976333333333091,0.07536666740761315,2.0
57.3,22.30589543937717,12.544444444444444,2.7933506365096803,0.9434722222221876,0.0013429278194560226,-0.13603055555555674,0.00026929053595134883,-0.15319999999999967,0.014065055848846542,2.0
51.67666666666667,1.195672969966625,14.008888888888889,0.28690643925349163,0.8868888888889209,2.1438053780371057e-05,-0.12993611111110737,6.349834830662864e-07,-0.3296694444444497,3.1971766848810873e-06,2.0
53.345555555555556,16.713606476331265,13.455555555555556,0.9691014707700022,-0.046091666666665115,0.07730172540985558,-0.23922777777777818,0.0011463332098422775,-0.820411111111096,0.021865460282173833,2.0
53.093333333333334,26.013526140155566,13.236666666666666,1.8226807563959848,0.08303055555555997,0.13234077150288415,-0.19571388888888955,0.010714299890401817,-0.7988833333333778,0.001400864406779773,2.0
51.69111111111111,33.38167840810836,13.54888888888889,0.8641255716227917,0.09261944444444453,0.14254153893828317,-0.1376027777777871,0.024562326194003198,-0.7932083333333063,0.002040245554320714,2.0
52.85111111111111,40.26479297985415,14.168888888888889,0.9013669509331412,0.5463249999999824,0.0023626228813559288,-0.10873888888889087,0.0006657611990985132,-0.7133416666666714,0.0018597665323701119,2.0
58.471111111111114,23.18381411444805,13.63888888888889,3.363335805215653,0.7582305555555391,0.012920041300052209,-0.24157499999999998,0.0006475047929980698,-0.3409249999999914,0.141928152195053,2.0
56.53666666666667,26.317897664071406,12.235555555555555,1.1546854529724242,0.9067138888889014,0.0008353501821493757,-0.10058888888889216,0.018521020159921218,-0.11789444444444945,0.0715955654039716,2.0
59.75,15.593715239154616,13.4,0.9232480533926665,0.2749555555555741,0.04686579407859752,0.018202777777776562,0.0007297226930321121,0.8565916666667135,0.17746765205611886,2.0
58.84,20.543893214683223,13.917777777777777,1.167870473365469,0.3797722222221798,0.0408510178444639,-0.04663333333333472,0.003113308141150422,0.9200972222221928,0.005831304799172669,2.0
59.196666666666665,2.8478197997775343,13.943333333333333,0.5362736373748614,0.10758333333334025,2.1610169491523804e-05,0.030011111111112036,1.1101849279120947e-07,1.0199861111110948,1.387345250223843e-07,2.0
60.60333333333333,29.229577308120067,13.543333333333333,1.876874304783087,0.6481555555555606,0.14248289882991166,-0.06876666666667158,0.005982585162544792,0.4866111111111349,0.200741832607822,2.0
60.885555555555555,39.411804474107186,13.25,3.1910456062291437,0.9116805555555071,0.0039549687799081325,-0.1607166666666689,0.004522242567380053,-0.2041305555555521,0.028386184673211766,2.0
59.437777777777775,41.43438882709167,13.053333333333333,2.7468743047830744,0.49267222222221096,0.14181347408230188,-0.20053888888889368,0.002616547528634415,-0.6105472222222165,0.06156455181223215,2.0
55.73888888888889,2.4267395871956317,13.922222222222222,1.415523421085154,0.5405249999999756,4.975757154764021e-06,-0.1126833333333413,1.9638510697416726e-05,-0.7199999999999768,5.3855949362432475e-28,2.0
61.32,51.40582869855491,13.673333333333334,2.0422246941045743,0.6237166666666779,0.04904914448457818,-0.04620833333333903,0.0029390785634896815,0.2790999999999883,0.450878378438481,2.0
60.903333333333336,36.018453837597264,13.265555555555556,0.5934729946854578,0.43592222222223703,0.052437326541322785,-0.011255555555555801,0.0013720269210584365,0.8827305555556081,0.02071415911055454,2.0
59.08444444444444,56.72701025831069,13.493333333333334,1.5183092324805652,0.8290027777777891,0.05910484022568109,-0.10765833333332712,0.00297298131425352,0.32162777777775337,0.1406963771109218,2.0
58.48777777777778,42.181163020640504,13.405555555555555,1.1201025831170306,0.3400638888888893,0.649689881996543,-0.13358611111110721,0.0011427072257724864,-0.2864666666666827,0.07994249958322798,2.0
60.90777777777778,33.558782597948166,13.066666666666666,2.304783092324805,0.5468083333333482,0.18850392546540418,-0.17696666666666624,0.0038937693803833846,-0.5103694444444145,0.09504401462597215,2.0
57.776666666666664,36.45395995550618,12.51,0.9309343715239093,0.701177777777797,0.0018644085085363638,-0.06351388888888544,0.0006201859698681666,-0.5880416666666332,0.0023591813698249286,2.0
56.51555555555556,26.884073662093783,12.343333333333334,0.9509566184649613,0.8647527777777173,0.007598216163440545,-0.07687777777777825,0.005365631070358888,-0.22741111111112197,0.09680779982093776,2.0
57.05222222222222,21.404388827091843,13.677777777777777,1.0795946112964996,0.9602138888889179,8.055996264394428e-05,-0.1387833333333285,0.003398519310919674,-0.010872222222224861,0.019629469636627442,2.0
56.65888888888889,2.7789531578297297,14.588888888888889,0.8074403658385776,0.960155555555584,1.531783520113676e-06,-0.07999444444444757,5.554011916891433e-08,-0.11791388888889365,1.6513838720632513e-05,2.0
60.52777777777778,58.95918304288692,13.745555555555555,2.8261759980224825,0.33678055555560577,0.4071749893411836,-0.1786694444444427,0.012805925712389097,-0.46878888888886705,0.1104418781760411,2.0
76.88,7.084582869855313,15.422222222222222,0.8671363243109412,0.5194027777777633,6.395102034515901e-06,-0.27512777777776504,7.91167608286311e-05,-0.7053333333333563,2.8396776882469316e-05,2.0
77.72333333333333,29.98232480533913,14.947777777777778,1.8426535656902658,0.09311388888888111,0.4272849661865959,-0.23043333333332439,0.004436100027785682,-0.6128388888889211,0.02294081315797595,2.0
74.71666666666667,25.938542825361207,14.644444444444444,0.6520825608701005,-0.7484249999999937,0.14943950257016075,-0.19898611111111178,0.0022177825244667215,-0.45689166666670505,0.025018371144758755,2.0
76.25666666666666,60.70490545050068,14.581111111111111,3.3916339142257685,0.5478583333333207,0.16024989934704456,-0.18430000000000296,0.006406845234787439,-0.2908222222222527,0.32246834293477394,2.0
76.35333333333334,25.00738598442702,14.18,1.2534371523915526,0.42205555555554686,0.10762094717668125,-0.12096666666666835,0.015811235343150862,0.7430777777777302,0.16364659578276844,2.0
70.10111111111111,34.37574959831888,14.35,1.3512235817575036,0.7424611111111451,0.004643232718965559,-0.301933333333328,0.004204152264517789,0.25468333333338183,0.27486880772437583,2.0
67.42333333333333,12.42904338153507,14.858888888888888,1.0712779631689568,0.8330138888889027,0.00015537630051557148,-0.31924722222222135,0.00033060849464356713,-0.3425611111111331,0.0011251977092402322,2.0
67.28444444444445,36.04358422939083,14.293333333333333,2.045116796440488,0.63806666666672,0.05150768102250575,-0.20340833333334477,0.01031549868018917,0.2862944444444539,0.38981054956623035,2.0
63.528888888888886,42.402946483748366,14.217777777777778,1.2317191941663526,-0.33075277777779366,0.7865832897951358,-0.21209722222221236,0.002194294518539038,-0.21821388888888058,0.021860521062950052,2.0
59.5,35.547274749721915,14.38888888888889,3.132245705104425,-0.04273888888888619,0.36045101265783225,-0.14152222222221952,0.004068424068414053,-0.6877250000000051,0.01349843505140326,2.0
61.42111111111111,51.43203435916495,14.383333333333333,2.8706896551724053,0.054905555555544515,0.5555274153623277,-0.16911388888889775,0.0034219709101295176,-0.5582472222221876,0.0034062350575777053,2.0
58.49888888888889,26.459398096650666,12.837777777777777,3.33961685823759,0.7326972222222266,0.0005590747352659404,-0.2814388888888713,0.0004104880676730998,-0.5169361111111114,0.0010175341221327378,2.0
65.16666666666667,32.70411568409328,13.571111111111112,3.221856383636048,0.5988611111110939,0.018794979315242946,-0.11201388888889038,0.011570463824826599,0.2837333333333309,0.4904027852181225,2.0
61.284444444444446,19.838912371771166,14.20111111111111,0.7370399208997657,0.8665500000000379,0.015413545707138095,-0.1439166666666761,0.001331585162544932,0.4373583333332935,0.029149479786047802,2.0
60.14222222222222,6.0687381040663615,14.844444444444445,1.028055864540821,0.8906972222222201,5.127812509648395e-05,-0.167247222222222,2.306751103701789e-05,0.4463416666666942,0.0003477965407057495,2.0
63.38,38.3849165739711,15.135555555555555,1.2341070325052457,0.8848666666667155,0.00020809558210614187,-0.1679250000000025,0.00023284238677410298,0.3806000000000169,0.05169177660461251,2.0
60.59777777777778,27.46428871585729,13.082222222222223,1.7841107403287866,-0.16063611111111442,0.5480111818020937,-0.20050555555554572,0.004503050816584894,-0.5356666666666996,0.02338499583217592,2.0
57.95666666666666,45.216140155728326,12.68,1.3591101223581687,-0.12479166666666552,0.25205697242288316,-0.253505555555552,0.010338638479824566,-0.726019444444457,0.004299543939674444,2.0
55.69888888888889,18.288541589420394,13.723333333333333,1.1525139043381498,-0.2959583333333358,0.23797235169490344,-0.35231111111112107,0.006097908184372139,-0.6413888888888947,0.04022552252168714,2.0
57.32333333333333,46.930934371523925,13.773333333333333,0.9719243604004465,-0.2803083333333322,0.4071273569741705,-0.2791583333333513,0.014342081064184194,-0.5551777777777673,0.04191677861134085,2.0
71.72777777777777,136.85907180818214,14.19111111111111,6.52405883079964,0.3124472222222285,0.25874030007563725,-0.4176222222222259,0.1663982345713273,0.29524166666666923,0.23966284794387535,2.0
56.64666666666667,16.05299221357064,13.334444444444445,1.3819045853417335,0.9037333333333099,0.0017529936093359717,-0.13936111111111643,0.0009219034608378805,-0.2495333333333443,0.019107701028064483,2.0
58.68,23.18335928809796,13.735555555555555,2.7130836732171364,0.8820083333333452,0.00014086683801055224,-0.121819444444446,0.00013092043314500923,-0.3345500000000066,0.00034761628230063813,2.0
56.98111111111111,34.75047707329137,13.075555555555555,1.8852749969101559,0.40839999999998944,0.25255531647679647,-0.12979722222221723,0.0039019038544657867,-0.5984611111110942,0.06285147945417403,2.0
58.69,48.494449388209084,13.655555555555555,0.8600914596465152,0.5228333333333387,0.04521030841900555,-0.09338888888888448,0.012103155197430538,0.36404444444446055,0.5129375695717714,2.0
60.163333333333334,36.48608453837578,14.004444444444445,1.4593795575330544,0.6620111111111242,0.10398528467784142,-0.07428055555555485,0.0003184597496218061,0.6397027777777862,0.07427240399339172,2.0
